{
  "version": 2,
  "builds": [
    {
      "src": "package.json",
      "use": "@vercel/next"
    }
  ],
  "routes": [
    {
      "src": "/api/(.*)",
      "dest": "/api/$1"
    },
    {
      "src": "/(.*)",
      "dest": "/$1"
    }
  ],
  "env": {
    "ATLASSIAN_API_KEY": "@atlassian-api-key",
    "ATLASSIAN_ORG_ID": "@atlassian-org-id",
    "DATABASE_URL": "@database-url",
    "NEXTAUTH_SECRET": "@nextauth-secret",
    "NEXTAUTH_URL": "@nextauth-url"
  },
  "functions": {
    "app/api/**/*.ts": {
      "maxDuration": 30
    }
  }
}
